stage,n_files,n_windows,mean_H,std_H,median_H,mean_rms
healthy,123,1230,0.727433,0.012615,0.728094,0.077282
transition,20,200,0.747850,0.016460,0.748218,0.081894
faulty,103,1030,0.784744,0.023532,0.787259,0.145266
